<?xml version="1.0"?>
<doc>
    <assembly>
        <name>Rnd.Gen.Conv</name>
    </assembly>
    <members>
        <member name="M:Randomizer.Generator.DefinitionConverter.Program.Main(System.String,System.String,System.Boolean)">
            <summary>
            Converts an old xml formatted generator to a new hjson formatted definition
            </summary>
            <param name="source">The source file</param>
            <param name="target">The target file</param>
            <param name="overwrite">Overwrite target file without prompting.</param>
        </member>
    </members>
</doc>
